{
	"name": "Policy",
	"properties": {
		"linkedServiceName": {
			"referenceName": "AzureDataLakeStorage",
			"type": "LinkedServiceReference"
		},
		"annotations": [],
		"type": "Json",
		"typeProperties": {
			"location": {
				"type": "AzureBlobFSLocation",
				"fileName": "data_0ed92618-9035-4901-b9f2-77feb188d97b_8c640535-c1f4-4a34-b8de-6e16e4262b5c.json",
				"fileSystem": "srccosmos"
			}
		},
		"schema": {
			"type": "object",
			"properties": {
				"countryname": {
					"type": "string"
				},
				"countrycode": {
					"type": "string"
				},
				"RegionName": {
					"type": "null"
				},
				"RegionCode": {
					"type": "null"
				},
				"Jurisdiction": {
					"type": "string"
				},
				"date": {
					"type": "string"
				},
				"c1_school_closing": {
					"type": "integer"
				},
				"c1_flag": {
					"type": "integer"
				},
				"c2_workplace_closing": {
					"type": "integer"
				},
				"c2_flag": {
					"type": "integer"
				},
				"c3_cancel_public_events": {
					"type": "integer"
				},
				"c3_flag": {
					"type": "integer"
				},
				"c4_restrictions_on_gatherings": {
					"type": "integer"
				},
				"c4_flag": {
					"type": "integer"
				},
				"c5_close_public_transport": {
					"type": "integer"
				},
				"c5_flag": {
					"type": "integer"
				},
				"c6_stay_at_home_requirements": {
					"type": "integer"
				},
				"c6_flag": {
					"type": "integer"
				},
				"c7_restrictions_on_internal_movement": {
					"type": "integer"
				},
				"c7_flag": {
					"type": "integer"
				},
				"c8_international_travel_controls": {
					"type": "integer"
				},
				"e1_income_support": {
					"type": "integer"
				},
				"e1_flag": {
					"type": "integer"
				},
				"e2_debt/contract_relief": {
					"type": "integer"
				},
				"e3_fiscal_measures": {
					"type": "integer"
				},
				"e4_international_support": {
					"type": "integer"
				},
				"h1_public_information_campaigns": {
					"type": "integer"
				},
				"h1_flag": {
					"type": "integer"
				},
				"h2_testing_policy": {
					"type": "integer"
				},
				"h3_contact_tracing": {
					"type": "integer"
				},
				"h4_emergency_investment_in_healthcare": {
					"type": "integer"
				},
				"h5_investment_in_vaccines": {
					"type": "integer"
				},
				"H6_Facial Coverings": {
					"type": "integer"
				},
				"H6_Flag": {
					"type": "integer"
				},
				"H7_Vaccination policy": {
					"type": "integer"
				},
				"H7_Flag": {
					"type": "integer"
				},
				"H8_Protection of elderly people": {
					"type": "integer"
				},
				"H8_Flag": {
					"type": "integer"
				},
				"M1_Wildcard": {
					"type": "integer"
				},
				"stringencyindex": {
					"type": "integer"
				},
				"stringencyindexfordisplay": {
					"type": "integer"
				},
				"StringencyLegacyIndex": {
					"type": "integer"
				},
				"StringencyLegacyIndexForDisplay": {
					"type": "integer"
				},
				"GovernmentResponseIndex": {
					"type": "integer"
				},
				"GovernmentResponseIndexForDisplay": {
					"type": "integer"
				},
				"ContainmentHealthIndex": {
					"type": "integer"
				},
				"ContainmentHealthIndexForDisplay": {
					"type": "integer"
				},
				"EconomicSupportIndex": {
					"type": "integer"
				},
				"EconomicSupportIndexForDisplay": {
					"type": "integer"
				},
				"id": {
					"type": "string"
				},
				"_rid": {
					"type": "string"
				},
				"_self": {
					"type": "string"
				},
				"_etag": {
					"type": "string"
				},
				"_attachments": {
					"type": "string"
				},
				"_ts": {
					"type": "integer"
				}
			}
		}
	},
	"type": "Microsoft.DataFactory/factories/datasets"
}